unique_id,Country,Year,Maternity,Paternity,Protected,Total,Continent
Australia_1970,Australia,1970,0.0,0.0,0.0,0.0,Oceania
Australia_1975,Australia,1975,0.0,0.0,0.0,0.0,Oceania
Australia_1980,Australia,1980,0.0,0.0,0.0,0.0,Oceania
Australia_1985,Australia,1985,0.0,0.0,0.0,0.0,Oceania
Australia_1990,Australia,1990,0.0,0.0,0.0,0.0,Oceania
Australia_1995,Australia,1995,0.0,0.0,52.0,0.0,Oceania
Australia_2000,Australia,2000,0.0,0.0,52.0,0.0,Oceania
Australia_2005,Australia,2005,0.0,0.0,52.0,0.0,Oceania
Australia_2010,Australia,2010,6.0,0.0,46.0,0.0,Oceania
Australia_2011,Australia,2011,18.0,0.0,34.0,18.0,Oceania
Australia_2012,Australia,2012,18.0,0.0,34.0,18.0,Oceania
Australia_2013,Australia,2013,18.0,2.0,34.0,18.0,Oceania
Australia_2014,Australia,2014,18.0,2.0,34.0,18.0,Oceania
Australia_2015,Australia,2015,18.0,2.0,34.0,18.0,Oceania
Australia_2016,Australia,2016,18.0,2.0,34.0,18.0,Oceania
Australia_2017,Australia,2017,18.0,2.0,34.0,18.0,Oceania
Australia_2018,Australia,2018,18.0,2.0,34.0,18.0,Oceania
Australia_2019,Australia,2019,18.0,2.0,34.0,18.0,Oceania
Australia_2020,Australia,2020,18.0,2.0,34.0,18.0,Oceania
Australia_2021,Australia,2021,12.0,2.0,40.0,18.0,Oceania
Austria_1970,Austria,1970,12.0,0.0,46.0,58.0,Europe
Austria_1975,Austria,1975,16.0,0.0,44.0,60.0,Europe
Austria_1980,Austria,1980,16.0,0.0,44.0,60.0,Europe
Austria_1985,Austria,1985,16.0,0.0,44.0,60.0,Europe
Austria_1990,Austria,1990,16.0,0.0,44.0,60.0,Europe
Austria_1995,Austria,1995,16.0,0.0,96.0,112.0,Europe
Austria_2000,Austria,2000,16.0,26.0,70.0,86.0,Europe
Austria_2005,Austria,2005,16.0,26.0,70.0,138.0,Europe
Austria_2010,Austria,2010,16.0,8.7,87.3,60.0,Europe
Austria_2011,Austria,2011,16.0,8.7,87.3,60.0,Europe
Austria_2012,Austria,2012,16.0,8.7,87.3,60.0,Europe
Austria_2013,Austria,2013,16.0,8.7,87.3,60.0,Europe
Austria_2014,Austria,2014,16.0,8.7,87.3,60.0,Europe
Austria_2015,Austria,2015,16.0,8.7,87.3,60.0,Europe
Austria_2016,Austria,2016,16.0,8.7,87.3,60.0,Europe
Austria_2017,Austria,2017,16.0,8.7,87.3,60.0,Europe
Austria_2018,Austria,2018,16.0,8.7,87.3,60.0,Europe
Austria_2019,Austria,2019,16.0,8.7,87.3,60.0,Europe
Austria_2020,Austria,2020,16.0,13.0,87.3,60.0,Europe
Austria_2021,Austria,2021,16.0,13.0,87.3,60.0,Europe
Belgium_1970,Belgium,1970,14.0,0.6,0.0,14.0,Europe
Belgium_1975,Belgium,1975,14.0,0.6,0.0,14.0,Europe
Belgium_1980,Belgium,1980,14.0,0.6,0.0,14.0,Europe
Belgium_1985,Belgium,1985,14.0,0.6,0.0,14.0,Europe
Belgium_1990,Belgium,1990,14.0,0.6,0.0,14.0,Europe
Belgium_1995,Belgium,1995,15.0,0.6,0.0,15.0,Europe
Belgium_2000,Belgium,2000,15.0,13.6,13.0,28.0,Europe
Belgium_2005,Belgium,2005,15.0,15.0,13.0,28.0,Europe
Belgium_2010,Belgium,2010,15.0,15.0,13.0,28.0,Europe
Belgium_2011,Belgium,2011,15.0,15.0,13.0,28.0,Europe
Belgium_2012,Belgium,2012,15.0,19.3,17.3,32.3,Europe
Belgium_2013,Belgium,2013,15.0,19.3,17.3,32.3,Europe
Belgium_2014,Belgium,2014,15.0,19.3,17.3,32.3,Europe
Belgium_2015,Belgium,2015,15.0,19.3,17.3,32.3,Europe
Belgium_2016,Belgium,2016,15.0,19.3,17.3,32.3,Europe
Belgium_2017,Belgium,2017,15.0,19.3,17.3,32.3,Europe
Belgium_2018,Belgium,2018,15.0,19.3,17.3,32.3,Europe
Belgium_2019,Belgium,2019,15.0,19.3,17.3,32.3,Europe
Belgium_2020,Belgium,2020,15.0,19.3,17.3,32.3,Europe
Belgium_2021,Belgium,2021,15.0,20.3,17.3,32.3,Europe
Canada_1970,Canada,1970,0.0,0.0,0.0,0.0,North America
Canada_1975,Canada,1975,17.0,0.0,0.0,15.0,North America
Canada_1980,Canada,1980,17.0,0.0,0.0,17.0,North America
Canada_1985,Canada,1985,17.0,0.0,0.0,17.0,North America
Canada_1990,Canada,1990,17.0,0.0,0.0,17.0,North America
Canada_1995,Canada,1995,17.0,0.0,10.0,27.0,North America
Canada_2000,Canada,2000,17.0,0.0,10.0,27.0,North America
Canada_2005,Canada,2005,17.0,0.0,35.0,52.0,North America
Canada_2010,Canada,2010,17.0,0.0,35.0,52.0,North America
Canada_2011,Canada,2011,17.0,0.0,35.0,52.0,North America
Canada_2012,Canada,2012,17.0,0.0,35.0,52.0,North America
Canada_2013,Canada,2013,17.0,0.0,35.0,52.0,North America
Canada_2014,Canada,2014,17.0,0.0,35.0,52.0,North America
Canada_2015,Canada,2015,17.0,0.0,35.0,52.0,North America
Canada_2016,Canada,2016,17.0,0.0,35.0,52.0,North America
Canada_2017,Canada,2017,16.0,0.0,35.0,51.0,North America
Canada_2018,Canada,2018,16.0,0.0,61.0,51.0,North America
Canada_2019,Canada,2019,16.0,5.0,61.0,51.0,North America
Canada_2020,Canada,2020,16.0,5.0,61.0,51.0,North America
Canada_2021,Canada,2021,16.0,5.0,61.0,51.0,North America
Chile_1970,Chile,1970,12.0,0.0,0.0,12.0,South America
Chile_1975,Chile,1975,18.0,0.0,0.0,18.0,South America
Chile_1980,Chile,1980,18.0,0.0,0.0,18.0,South America
Chile_1985,Chile,1985,18.0,0.0,0.0,18.0,South America
Chile_1990,Chile,1990,18.0,0.0,0.0,18.0,South America
Chile_1995,Chile,1995,18.0,0.0,0.0,18.0,South America
Chile_2000,Chile,2000,18.0,0.0,0.0,18.0,South America
Chile_2005,Chile,2005,18.0,0.0,0.0,18.0,South America
Chile_2010,Chile,2010,18.0,1.0,0.0,18.0,South America
Chile_2011,Chile,2011,18.0,1.0,0.0,18.0,South America
Chile_2012,Chile,2012,18.0,1.0,12.0,30.0,South America
Chile_2013,Chile,2013,18.0,1.0,12.0,30.0,South America
Chile_2014,Chile,2014,18.0,1.0,12.0,30.0,South America
Chile_2015,Chile,2015,18.0,1.0,12.0,30.0,South America
Chile_2016,Chile,2016,18.0,1.0,12.0,30.0,South America
Chile_2017,Chile,2017,18.0,1.0,12.0,30.0,South America
Chile_2018,Chile,2018,18.0,1.0,12.0,30.0,South America
Chile_2019,Chile,2019,18.0,1.0,12.0,30.0,South America
Chile_2020,Chile,2020,18.0,1.0,12.0,30.0,South America
Chile_2021,Chile,2021,18.0,1.0,12.0,30.0,South America
Colombia_2000,Colombia,2000,12.0,0.0,0.0,12.0,South America
Colombia_2005,Colombia,2005,12.0,0.0,0.0,12.0,South America
Colombia_2010,Colombia,2010,12.0,0.0,0.0,12.0,South America
Colombia_2011,Colombia,2011,14.0,8.0,0.0,12.0,South America
Colombia_2012,Colombia,2012,14.0,8.0,0.0,12.0,South America
Colombia_2013,Colombia,2013,14.0,8.0,0.0,12.0,South America
Colombia_2014,Colombia,2014,14.0,8.0,0.0,12.0,South America
Colombia_2015,Colombia,2015,14.0,8.0,0.0,12.0,South America
Colombia_2016,Colombia,2016,14.0,8.0,0.0,12.0,South America
Colombia_2017,Colombia,2017,18.0,8.0,0.0,17.0,South America
Colombia_2018,Colombia,2018,18.0,8.0,0.0,17.0,South America
Colombia_2019,Colombia,2019,18.0,8.0,0.0,17.0,South America
Colombia_2020,Colombia,2020,18.0,8.0,0.0,17.0,South America
Colombia_2021,Colombia,2021,18.0,8.0,0.0,17.0,South America
Costa Rica_1970,Costa Rica,1970,8.6,0.0,0.0,0.0,North America
Costa Rica_1975,Costa Rica,1975,8.6,0.0,0.0,0.0,North America
Costa Rica_1980,Costa Rica,1980,8.6,0.0,0.0,0.0,North America
Costa Rica_1985,Costa Rica,1985,8.6,0.0,0.0,0.0,North America
Costa Rica_1990,Costa Rica,1990,17.3,0.0,0.0,17.3,North America
Costa Rica_1995,Costa Rica,1995,17.3,0.0,0.0,17.3,North America
Costa Rica_2000,Costa Rica,2000,17.3,0.0,0.0,17.3,North America
Costa Rica_2005,Costa Rica,2005,17.3,0.0,0.0,17.3,North America
Costa Rica_2010,Costa Rica,2010,17.3,0.0,0.0,17.3,North America
Costa Rica_2011,Costa Rica,2011,17.3,0.0,0.0,17.3,North America
Costa Rica_2012,Costa Rica,2012,17.3,0.0,0.0,17.3,North America
Costa Rica_2013,Costa Rica,2013,17.3,0.0,0.0,17.3,North America
Costa Rica_2014,Costa Rica,2014,17.3,0.0,0.0,17.3,North America
Costa Rica_2015,Costa Rica,2015,17.3,0.0,0.0,17.3,North America
Costa Rica_2016,Costa Rica,2016,17.3,0.0,0.0,17.3,North America
Costa Rica_2017,Costa Rica,2017,17.3,0.0,0.0,17.3,North America
Costa Rica_2018,Costa Rica,2018,17.3,0.0,0.0,17.3,North America
Costa Rica_2019,Costa Rica,2019,17.3,0.0,0.0,17.3,North America
Costa Rica_2020,Costa Rica,2020,17.3,0.0,0.0,17.3,North America
Costa Rica_2021,Costa Rica,2021,17.3,0.0,0.0,17.3,North America
Czech Republic_1970,Czech Republic,1970,26.0,0.0,86.0,26.0,Europe
Czech Republic_1975,Czech Republic,1975,26.0,0.0,86.0,26.0,Europe
Czech Republic_1980,Czech Republic,1980,26.0,0.0,86.0,26.0,Europe
Czech Republic_1985,Czech Republic,1985,26.0,0.0,86.0,78.0,Europe
Czech Republic_1990,Czech Republic,1990,28.0,0.0,136.0,162.0,Europe
Czech Republic_1995,Czech Republic,1995,28.0,0.0,136.0,162.0,Europe
Czech Republic_2000,Czech Republic,2000,28.0,0.0,136.0,214.0,Europe
Czech Republic_2005,Czech Republic,2005,28.0,0.0,136.0,214.0,Europe
Czech Republic_2010,Czech Republic,2010,28.0,0.0,136.0,110.0,Europe
Czech Republic_2011,Czech Republic,2011,28.0,0.0,136.0,110.0,Europe
Czech Republic_2012,Czech Republic,2012,28.0,0.0,136.0,110.0,Europe
Czech Republic_2013,Czech Republic,2013,28.0,0.0,136.0,110.0,Europe
Czech Republic_2014,Czech Republic,2014,28.0,0.0,136.0,110.0,Europe
Czech Republic_2015,Czech Republic,2015,28.0,0.0,136.0,110.0,Europe
Czech Republic_2016,Czech Republic,2016,28.0,0.0,136.0,110.0,Europe
Czech Republic_2017,Czech Republic,2017,28.0,0.0,136.0,110.0,Europe
Czech Republic_2018,Czech Republic,2018,28.0,1.0,136.0,63.4,Europe
Czech Republic_2019,Czech Republic,2019,28.0,1.0,136.0,62.3,Europe
Czech Republic_2020,Czech Republic,2020,28.0,1.0,136.0,74.5,Europe
Czech Republic_2021,Czech Republic,2021,28.0,1.0,136.0,73.8,Europe
Denmark_1970,Denmark,1970,14.0,0.0,0.0,14.0,Europe
Denmark_1975,Denmark,1975,14.0,0.0,0.0,14.0,Europe
Denmark_1980,Denmark,1980,18.0,0.0,0.0,18.0,Europe
Denmark_1985,Denmark,1985,18.0,2.0,0.0,18.0,Europe
Denmark_1990,Denmark,1990,18.0,2.0,10.0,28.0,Europe
Denmark_1995,Denmark,1995,18.0,15.0,36.0,54.0,Europe
Denmark_2000,Denmark,2000,18.0,17.0,36.0,54.0,Europe
Denmark_2005,Denmark,2005,18.0,2.0,32.0,50.0,Europe
Denmark_2010,Denmark,2010,18.0,2.0,32.0,50.0,Europe
Denmark_2011,Denmark,2011,18.0,2.0,32.0,50.0,Europe
Denmark_2012,Denmark,2012,18.0,2.0,32.0,50.0,Europe
Denmark_2013,Denmark,2013,18.0,2.0,32.0,50.0,Europe
Denmark_2014,Denmark,2014,18.0,2.0,32.0,50.0,Europe
Denmark_2015,Denmark,2015,18.0,2.0,32.0,50.0,Europe
Denmark_2016,Denmark,2016,18.0,2.0,32.0,50.0,Europe
Denmark_2017,Denmark,2017,18.0,2.0,32.0,50.0,Europe
Denmark_2018,Denmark,2018,18.0,2.0,32.0,50.0,Europe
Denmark_2019,Denmark,2019,18.0,2.0,32.0,50.0,Europe
Denmark_2020,Denmark,2020,18.0,2.0,32.0,50.0,Europe
Denmark_2021,Denmark,2021,18.0,2.0,32.0,50.0,Europe
Estonia_2005,Estonia,2005,20.0,2.0,146.0,166.0,Europe
Estonia_2010,Estonia,2010,20.0,0.0,146.0,166.0,Europe
Estonia_2011,Estonia,2011,20.0,0.0,146.0,166.0,Europe
Estonia_2012,Estonia,2012,20.0,0.0,146.0,166.0,Europe
Estonia_2013,Estonia,2013,20.0,2.0,146.0,166.0,Europe
Estonia_2014,Estonia,2014,20.0,2.0,146.0,166.0,Europe
Estonia_2015,Estonia,2015,20.0,2.0,146.0,166.0,Europe
Estonia_2016,Estonia,2016,20.0,2.0,146.0,166.0,Europe
Estonia_2017,Estonia,2017,20.0,2.0,146.0,166.0,Europe
Estonia_2018,Estonia,2018,20.0,2.0,146.0,166.0,Europe
Estonia_2019,Estonia,2019,20.0,2.0,146.0,166.0,Europe
Estonia_2020,Estonia,2020,20.0,2.0,146.0,82.0,Europe
Estonia_2021,Estonia,2021,20.0,4.3,146.0,82.0,Europe
Finland_1970,Finland,1970,9.0,0.0,0.0,9.0,Europe
Finland_1975,Finland,1975,29.0,0.0,0.0,29.0,Europe
Finland_1980,Finland,1980,33.0,0.0,4.0,37.0,Europe
Finland_1985,Finland,1985,16.7,0.0,142.4,159.0,Europe
Finland_1990,Finland,1990,17.5,0.0,141.5,159.0,Europe
Finland_1995,Finland,1995,17.5,3.0,143.5,161.0,Europe
Finland_2000,Finland,2000,17.5,3.0,143.5,161.0,Europe
Finland_2005,Finland,2005,17.5,7.0,141.5,159.0,Europe
Finland_2010,Finland,2010,17.5,7.0,141.5,159.0,Europe
Finland_2011,Finland,2011,17.5,9.0,141.5,159.0,Europe
Finland_2012,Finland,2012,17.5,9.0,141.5,159.0,Europe
Finland_2013,Finland,2013,17.5,9.0,143.5,161.0,Europe
Finland_2014,Finland,2014,17.5,9.0,143.5,161.0,Europe
Finland_2015,Finland,2015,17.5,9.0,143.5,161.0,Europe
Finland_2016,Finland,2016,17.5,9.0,143.5,161.0,Europe
Finland_2017,Finland,2017,17.5,9.0,143.5,161.0,Europe
Finland_2018,Finland,2018,17.5,9.0,143.5,161.0,Europe
Finland_2019,Finland,2019,17.5,9.0,143.5,161.0,Europe
Finland_2020,Finland,2020,17.5,9.0,143.5,161.0,Europe
Finland_2021,Finland,2021,17.5,9.0,143.5,161.0,Europe
France_1970,France,1970,14.0,0.0,0.0,14.0,Europe
France_1975,France,1975,14.0,0.0,0.0,14.0,Europe
France_1980,France,1980,16.0,0.0,96.0,16.0,Europe
France_1985,France,1985,16.0,0.0,96.0,16.0,Europe
France_1990,France,1990,16.0,0.0,146.0,16.0,Europe
France_1995,France,1995,16.0,0.0,146.0,16.0,Europe
France_2000,France,2000,16.0,0.0,146.0,16.0,Europe
France_2005,France,2005,16.0,2.0,146.0,42.0,Europe
France_2010,France,2010,16.0,2.0,146.0,42.0,Europe
France_2011,France,2011,16.0,2.0,146.0,42.0,Europe
France_2012,France,2012,16.0,2.0,146.0,42.0,Europe
France_2013,France,2013,16.0,2.0,146.0,42.0,Europe
France_2014,France,2014,16.0,28.0,146.0,42.0,Europe
France_2015,France,2015,16.0,28.0,146.0,42.0,Europe
France_2016,France,2016,16.0,28.0,146.0,42.0,Europe
France_2017,France,2017,16.0,28.0,146.0,42.0,Europe
France_2018,France,2018,16.0,28.0,146.0,42.0,Europe
France_2019,France,2019,16.0,28.0,146.0,42.0,Europe
France_2020,France,2020,16.0,28.0,146.0,42.0,Europe
France_2021,France,2021,16.0,28.0,146.0,42.0,Europe
Germany_1970,Germany,1970,14.0,0.0,0.0,14.0,Europe
Germany_1975,Germany,1975,14.0,0.0,0.0,14.0,Europe
Germany_1980,Germany,1980,31.3,0.0,0.0,31.3,Europe
Germany_1985,Germany,1985,31.3,0.0,0.0,31.3,Europe
Germany_1990,Germany,1990,14.0,0.0,56.3,70.0,Europe
Germany_1995,Germany,1995,14.0,0.0,148.0,109.3,Europe
Germany_2000,Germany,2000,14.0,0.0,148.0,109.3,Europe
Germany_2005,Germany,2005,14.0,0.0,148.0,58.0,Europe
Germany_2010,Germany,2010,14.0,8.7,148.0,58.0,Europe
Germany_2011,Germany,2011,14.0,8.7,148.0,58.0,Europe
Germany_2012,Germany,2012,14.0,8.7,148.0,58.0,Europe
Germany_2013,Germany,2013,14.0,8.7,148.0,58.0,Europe
Germany_2014,Germany,2014,14.0,8.7,148.0,58.0,Europe
Germany_2015,Germany,2015,14.0,8.7,148.0,58.0,Europe
Germany_2016,Germany,2016,14.0,8.7,148.0,58.0,Europe
Germany_2017,Germany,2017,14.0,8.7,148.0,58.0,Europe
Germany_2018,Germany,2018,14.0,8.7,148.0,58.0,Europe
Germany_2019,Germany,2019,14.0,8.7,148.0,58.0,Europe
Germany_2020,Germany,2020,14.0,8.7,148.0,58.0,Europe
Germany_2021,Germany,2021,14.0,8.7,148.0,58.0,Europe
Greece_1970,Greece,1970,12.0,0.0,0.0,12.0,Europe
Greece_1975,Greece,1975,12.0,0.0,0.0,12.0,Europe
Greece_1980,Greece,1980,12.0,0.0,0.0,12.0,Europe
Greece_1985,Greece,1985,14.0,0.0,13.0,14.0,Europe
Greece_1990,Greece,1990,15.0,0.0,13.0,15.0,Europe
Greece_1995,Greece,1995,16.0,0.0,15.2,16.0,Europe
Greece_2000,Greece,2000,17.0,0.4,15.2,17.0,Europe
Greece_2005,Greece,2005,17.0,0.4,15.2,17.0,Europe
Greece_2010,Greece,2010,43.0,0.4,15.2,43.0,Europe
Greece_2011,Greece,2011,43.0,0.4,15.2,43.0,Europe
Greece_2012,Greece,2012,43.0,0.4,17.3,43.0,Europe
Greece_2013,Greece,2013,43.0,0.4,17.3,43.0,Europe
Greece_2014,Greece,2014,43.0,0.4,17.3,43.0,Europe
Greece_2015,Greece,2015,43.0,0.4,17.3,43.0,Europe
Greece_2016,Greece,2016,43.0,0.4,17.3,43.0,Europe
Greece_2017,Greece,2017,43.0,0.4,17.3,43.0,Europe
Greece_2018,Greece,2018,43.0,0.4,17.3,43.0,Europe
Greece_2019,Greece,2019,43.0,0.4,17.3,43.0,Europe
Greece_2020,Greece,2020,43.0,0.4,17.3,43.0,Europe
Greece_2021,Greece,2021,43.0,0.4,17.3,43.0,Europe
Hungary_1970,Hungary,1970,12.0,0.0,150.0,162.0,Europe
Hungary_1975,Hungary,1975,12.0,0.0,150.0,162.0,Europe
Hungary_1980,Hungary,1980,12.0,0.0,150.0,162.0,Europe
Hungary_1985,Hungary,1985,12.0,0.0,150.0,162.0,Europe
Hungary_1990,Hungary,1990,12.0,0.0,150.0,162.0,Europe
Hungary_1995,Hungary,1995,24.0,0.0,136.0,160.0,Europe
Hungary_2000,Hungary,2000,24.0,0.0,136.0,160.0,Europe
Hungary_2005,Hungary,2005,24.0,1.0,136.0,160.0,Europe
Hungary_2010,Hungary,2010,24.0,1.0,136.0,160.0,Europe
Hungary_2011,Hungary,2011,24.0,1.0,136.0,160.0,Europe
Hungary_2012,Hungary,2012,24.0,1.0,136.0,160.0,Europe
Hungary_2013,Hungary,2013,24.0,1.0,136.0,160.0,Europe
Hungary_2014,Hungary,2014,24.0,1.0,136.0,160.0,Europe
Hungary_2015,Hungary,2015,24.0,1.0,136.0,160.0,Europe
Hungary_2016,Hungary,2016,24.0,1.0,136.0,160.0,Europe
Hungary_2017,Hungary,2017,24.0,1.0,136.0,160.0,Europe
Hungary_2018,Hungary,2018,24.0,1.0,136.0,160.0,Europe
Hungary_2019,Hungary,2019,24.0,1.0,136.0,160.0,Europe
Hungary_2020,Hungary,2020,24.0,1.0,136.0,160.0,Europe
Hungary_2021,Hungary,2021,24.0,1.0,136.0,160.0,Europe
Iceland_1970,Iceland,1970,0.0,0.0,0.0,0.0,Europe
Iceland_1975,Iceland,1975,13.0,0.0,0.0,13.0,Europe
Iceland_1980,Iceland,1980,13.0,0.0,0.0,13.0,Europe
Iceland_1985,Iceland,1985,8.7,0.0,4.3,13.0,Europe
Iceland_1990,Iceland,1990,8.7,0.0,17.3,26.0,Europe
Iceland_1995,Iceland,1995,8.7,0.0,17.3,26.0,Europe
Iceland_2000,Iceland,2000,8.7,2.0,17.3,26.0,Europe
Iceland_2005,Iceland,2005,13.0,13.0,26.0,26.0,Europe
Iceland_2010,Iceland,2010,13.0,13.0,26.0,26.0,Europe
Iceland_2011,Iceland,2011,13.0,13.0,26.0,26.0,Europe
Iceland_2012,Iceland,2012,13.0,13.0,26.0,26.0,Europe
Iceland_2013,Iceland,2013,13.0,13.0,26.0,26.0,Europe
Iceland_2014,Iceland,2014,13.0,13.0,30.3,26.0,Europe
Iceland_2015,Iceland,2015,13.0,13.0,30.3,26.0,Europe
Iceland_2016,Iceland,2016,13.0,13.0,30.3,26.0,Europe
Iceland_2017,Iceland,2017,13.0,13.0,30.3,26.0,Europe
Iceland_2018,Iceland,2018,13.0,13.0,30.3,26.0,Europe
Iceland_2019,Iceland,2019,13.0,13.0,30.3,26.0,Europe
Iceland_2020,Iceland,2020,17.3,17.3,30.3,26.0,Europe
Iceland_2021,Iceland,2021,26.0,20.0,30.3,32.0,Europe
Ireland_1970,Ireland,1970,0.0,0.0,0.0,12.0,Europe
Ireland_1975,Ireland,1975,0.0,0.0,0.0,12.0,Europe
Ireland_1980,Ireland,1980,0.0,0.0,0.0,12.0,Europe
Ireland_1985,Ireland,1985,18.0,0.0,0.0,14.0,Europe
Ireland_1990,Ireland,1990,18.0,0.0,0.0,14.0,Europe
Ireland_1995,Ireland,1995,18.0,0.0,0.0,14.0,Europe
Ireland_2000,Ireland,2000,18.0,0.0,14.0,14.0,Europe
Ireland_2005,Ireland,2005,26.0,0.0,14.0,18.0,Europe
Ireland_2010,Ireland,2010,42.0,0.0,14.0,26.0,Europe
Ireland_2011,Ireland,2011,42.0,0.0,14.0,26.0,Europe
Ireland_2012,Ireland,2012,42.0,0.0,14.0,26.0,Europe
Ireland_2013,Ireland,2013,42.0,0.0,18.0,26.0,Europe
Ireland_2014,Ireland,2014,42.0,0.0,18.0,26.0,Europe
Ireland_2015,Ireland,2015,42.0,0.0,18.0,26.0,Europe
Ireland_2016,Ireland,2016,42.0,0.0,18.0,26.0,Europe
Ireland_2017,Ireland,2017,42.0,2.0,18.0,26.0,Europe
Ireland_2018,Ireland,2018,42.0,2.0,18.0,26.0,Europe
Ireland_2019,Ireland,2019,42.0,2.0,18.0,26.0,Europe
Ireland_2020,Ireland,2020,42.0,4.0,22.0,28.0,Europe
Ireland_2021,Ireland,2021,42.0,7.0,31.0,31.0,Europe
Israel_1970,Israel,1970,12.0,0.0,52.0,12.0,Asia
Israel_1975,Israel,1975,12.0,0.0,52.0,12.0,Asia
Israel_1980,Israel,1980,12.0,0.0,52.0,12.0,Asia
Israel_1985,Israel,1985,12.0,0.0,52.0,12.0,Asia
Israel_1990,Israel,1990,12.0,0.0,52.0,12.0,Asia
Israel_1995,Israel,1995,12.0,0.0,52.0,12.0,Asia
Israel_2000,Israel,2000,12.0,0.0,52.0,12.0,Asia
Israel_2005,Israel,2005,12.0,0.0,52.0,12.0,Asia
Israel_2010,Israel,2010,26.0,0.0,32.0,14.0,Asia
Israel_2011,Israel,2011,26.0,0.0,32.0,14.0,Asia
Israel_2012,Israel,2012,26.0,0.0,32.0,14.0,Asia
Israel_2013,Israel,2013,26.0,0.0,32.0,14.0,Asia
Israel_2014,Israel,2014,26.0,0.0,32.0,14.0,Asia
Israel_2015,Israel,2015,26.0,0.0,32.0,14.0,Asia
Israel_2016,Israel,2016,26.0,0.0,32.0,14.0,Asia
Israel_2017,Israel,2017,26.0,0.0,32.0,15.0,Asia
Israel_2018,Israel,2018,26.0,0.0,32.0,15.0,Asia
Israel_2019,Israel,2019,26.0,0.0,32.0,15.0,Asia
Israel_2020,Israel,2020,26.0,0.0,32.0,15.0,Asia
Israel_2021,Israel,2021,26.0,0.0,32.0,15.0,Asia
Italy_1970,Italy,1970,14.0,0.0,26.0,14.0,Europe
Italy_1975,Italy,1975,21.7,0.0,26.0,47.7,Europe
Italy_1980,Italy,1980,21.7,0.0,26.0,47.7,Europe
Italy_1985,Italy,1985,21.7,0.0,26.0,47.7,Europe
Italy_1990,Italy,1990,21.7,0.0,26.0,47.7,Europe
Italy_1995,Italy,1995,21.7,0.0,26.0,47.7,Europe
Italy_2000,Italy,2000,21.7,0.0,26.0,47.7,Europe
Italy_2005,Italy,2005,21.7,0.0,26.0,47.7,Europe
Italy_2010,Italy,2010,21.7,0.0,26.0,47.7,Europe
Italy_2011,Italy,2011,21.7,0.0,26.0,47.7,Europe
Italy_2012,Italy,2012,21.7,0.0,26.0,47.7,Europe
Italy_2013,Italy,2013,21.7,0.2,26.0,47.7,Europe
Italy_2014,Italy,2014,21.7,0.2,26.0,47.7,Europe
Italy_2015,Italy,2015,21.7,0.2,26.0,47.7,Europe
Italy_2016,Italy,2016,21.7,0.4,26.0,47.7,Europe
Italy_2017,Italy,2017,21.7,0.4,26.0,47.7,Europe
Italy_2018,Italy,2018,21.7,0.8,26.0,47.7,Europe
Italy_2019,Italy,2019,21.7,1.0,26.0,47.7,Europe
Italy_2020,Italy,2020,21.7,1.4,26.0,47.7,Europe
Italy_2021,Italy,2021,21.7,2.0,26.0,47.7,Europe
Japan_1970,Japan,1970,12.0,0.0,0.0,12.0,Asia
Japan_1975,Japan,1975,12.0,0.0,0.0,12.0,Asia
Japan_1980,Japan,1980,12.0,0.0,0.0,12.0,Asia
Japan_1985,Japan,1985,12.0,0.0,0.0,12.0,Asia
Japan_1990,Japan,1990,14.0,0.0,0.0,14.0,Asia
Japan_1995,Japan,1995,14.0,0.0,44.0,58.0,Asia
Japan_2000,Japan,2000,14.0,0.0,44.0,58.0,Asia
Japan_2005,Japan,2005,14.0,0.0,44.0,58.0,Asia
Japan_2010,Japan,2010,14.0,52.0,44.0,58.0,Asia
Japan_2011,Japan,2011,14.0,52.0,44.0,58.0,Asia
Japan_2012,Japan,2012,14.0,52.0,44.0,58.0,Asia
Japan_2013,Japan,2013,14.0,52.0,44.0,58.0,Asia
Japan_2014,Japan,2014,14.0,52.0,44.0,58.0,Asia
Japan_2015,Japan,2015,14.0,52.0,44.0,58.0,Asia
Japan_2016,Japan,2016,14.0,52.0,44.0,58.0,Asia
Japan_2017,Japan,2017,14.0,52.0,44.0,58.0,Asia
Japan_2018,Japan,2018,14.0,52.0,44.0,58.0,Asia
Japan_2019,Japan,2019,14.0,52.0,44.0,58.0,Asia
Japan_2020,Japan,2020,14.0,52.0,44.0,58.0,Asia
Japan_2021,Japan,2021,14.0,52.0,44.0,58.0,Asia
Korea_1970,Korea,1970,0.0,0.0,0.0,0.0,Asia
Korea_1975,Korea,1975,0.0,0.0,0.0,0.0,Asia
Korea_1980,Korea,1980,0.0,0.0,0.0,0.0,Asia
Korea_1985,Korea,1985,0.0,0.0,0.0,0.0,Asia
Korea_1990,Korea,1990,8.5,0.0,47.8,8.5,Asia
Korea_1995,Korea,1995,8.5,0.0,47.8,8.5,Asia
Korea_2000,Korea,2000,8.5,0.0,47.8,8.5,Asia
Korea_2005,Korea,2005,12.9,0.0,45.6,58.4,Asia
Korea_2010,Korea,2010,12.9,52.0,52.0,64.9,Asia
Korea_2011,Korea,2011,12.9,52.0,52.0,64.9,Asia
Korea_2012,Korea,2012,12.9,52.6,52.0,64.9,Asia
Korea_2013,Korea,2013,12.9,52.6,52.0,64.9,Asia
Korea_2014,Korea,2014,12.9,52.6,52.0,64.9,Asia
Korea_2015,Korea,2015,12.9,52.6,52.0,64.9,Asia
Korea_2016,Korea,2016,12.9,52.6,52.0,64.9,Asia
Korea_2017,Korea,2017,12.9,52.6,52.0,64.9,Asia
Korea_2018,Korea,2018,12.9,52.6,52.0,64.9,Asia
Korea_2019,Korea,2019,12.9,52.6,52.0,64.9,Asia
Korea_2020,Korea,2020,12.9,54.0,52.0,64.9,Asia
Korea_2021,Korea,2021,12.9,54.0,52.0,64.9,Asia
Latvia_2014,Latvia,2014,16.0,1.4,78.0,94.0,Europe
Latvia_2015,Latvia,2015,16.0,1.4,78.0,94.0,Europe
Latvia_2016,Latvia,2016,16.0,1.4,78.0,94.0,Europe
Latvia_2017,Latvia,2017,16.0,1.4,78.0,94.0,Europe
Latvia_2018,Latvia,2018,16.0,1.4,78.0,94.0,Europe
Latvia_2019,Latvia,2019,16.0,1.4,78.0,94.0,Europe
Latvia_2020,Latvia,2020,16.0,1.4,78.0,94.0,Europe
Latvia_2021,Latvia,2021,16.0,1.4,78.0,94.0,Europe
Lithuania_2014,Lithuania,2014,18.0,4.0,148.0,62.0,Europe
Lithuania_2015,Lithuania,2015,18.0,4.0,148.0,62.0,Europe
Lithuania_2016,Lithuania,2016,18.0,4.0,148.0,62.0,Europe
Lithuania_2017,Lithuania,2017,18.0,4.0,148.0,62.0,Europe
Lithuania_2018,Lithuania,2018,18.0,4.0,148.0,62.0,Europe
Lithuania_2019,Lithuania,2019,18.0,4.0,148.0,62.0,Europe
Lithuania_2020,Lithuania,2020,18.0,4.0,148.0,62.0,Europe
Lithuania_2021,Lithuania,2021,18.0,4.0,148.0,62.0,Europe
Luxembourg_1970,Luxembourg,1970,12.0,0.4,0.0,12.0,Europe
Luxembourg_1975,Luxembourg,1975,12.0,0.4,0.0,12.0,Europe
Luxembourg_1980,Luxembourg,1980,16.0,0.4,0.0,16.0,Europe
Luxembourg_1985,Luxembourg,1985,16.0,0.4,0.0,16.0,Europe
Luxembourg_1990,Luxembourg,1990,16.0,0.4,0.0,16.0,Europe
Luxembourg_1995,Luxembourg,1995,16.0,0.4,0.0,16.0,Europe
Luxembourg_2000,Luxembourg,2000,16.0,26.4,26.0,42.0,Europe
Luxembourg_2005,Luxembourg,2005,16.0,26.4,26.0,42.0,Europe
Luxembourg_2010,Luxembourg,2010,16.0,26.4,26.0,42.0,Europe
Luxembourg_2011,Luxembourg,2011,16.0,26.4,26.0,42.0,Europe
Luxembourg_2012,Luxembourg,2012,16.0,26.4,26.0,42.0,Europe
Luxembourg_2013,Luxembourg,2013,16.0,26.4,26.0,42.0,Europe
Luxembourg_2014,Luxembourg,2014,16.0,26.4,26.0,42.0,Europe
Luxembourg_2015,Luxembourg,2015,16.0,26.4,26.0,42.0,Europe
Luxembourg_2016,Luxembourg,2016,16.0,26.4,26.0,42.0,Europe
Luxembourg_2017,Luxembourg,2017,16.0,26.4,26.0,42.0,Europe
Luxembourg_2018,Luxembourg,2018,20.0,28.0,26.0,46.0,Europe
Luxembourg_2019,Luxembourg,2019,20.0,28.0,26.0,46.0,Europe
Luxembourg_2020,Luxembourg,2020,20.0,28.0,26.0,46.0,Europe
Luxembourg_2021,Luxembourg,2021,20.0,28.0,26.0,46.0,Europe
Mexico_1970,Mexico,1970,4.3,0.0,0.0,4.3,North America
Mexico_1975,Mexico,1975,12.0,0.0,0.0,12.0,North America
Mexico_1980,Mexico,1980,12.0,0.0,0.0,12.0,North America
Mexico_1985,Mexico,1985,12.0,0.0,0.0,12.0,North America
Mexico_1990,Mexico,1990,12.0,0.0,0.0,12.0,North America
Mexico_1995,Mexico,1995,12.0,0.0,0.0,12.0,North America
Mexico_2000,Mexico,2000,12.0,0.0,0.0,12.0,North America
Mexico_2005,Mexico,2005,12.0,0.0,0.0,12.0,North America
Mexico_2010,Mexico,2010,12.0,0.0,0.0,12.0,North America
Mexico_2011,Mexico,2011,12.0,0.0,0.0,12.0,North America
Mexico_2012,Mexico,2012,12.0,1.0,0.0,12.0,North America
Mexico_2013,Mexico,2013,12.0,1.0,0.0,12.0,North America
Mexico_2014,Mexico,2014,12.0,1.0,0.0,12.0,North America
Mexico_2015,Mexico,2015,12.0,1.0,0.0,12.0,North America
Mexico_2016,Mexico,2016,12.0,1.0,0.0,12.0,North America
Mexico_2017,Mexico,2017,12.0,1.0,0.0,12.0,North America
Mexico_2018,Mexico,2018,12.0,1.0,0.0,12.0,North America
Mexico_2019,Mexico,2019,12.0,1.0,0.0,12.0,North America
Mexico_2020,Mexico,2020,12.0,1.0,0.0,12.0,North America
Mexico_2021,Mexico,2021,12.0,1.0,0.0,12.0,North America
Netherlands_1970,Netherlands,1970,12.0,0.0,0.0,12.0,Europe
Netherlands_1975,Netherlands,1975,12.0,0.0,0.0,12.0,Europe
Netherlands_1980,Netherlands,1980,12.0,0.0,0.0,12.0,Europe
Netherlands_1985,Netherlands,1985,12.0,0.0,0.0,12.0,Europe
Netherlands_1990,Netherlands,1990,16.0,0.0,0.0,16.0,Europe
Netherlands_1995,Netherlands,1995,16.0,0.0,13.0,16.0,Europe
Netherlands_2000,Netherlands,2000,16.0,0.0,13.0,16.0,Europe
Netherlands_2005,Netherlands,2005,16.0,0.4,13.0,16.0,Europe
Netherlands_2010,Netherlands,2010,16.0,26.4,26.0,42.0,Europe
Netherlands_2011,Netherlands,2011,16.0,26.4,26.0,42.0,Europe
Netherlands_2012,Netherlands,2012,16.0,26.4,26.0,42.0,Europe
Netherlands_2013,Netherlands,2013,16.0,26.4,26.0,42.0,Europe
Netherlands_2014,Netherlands,2014,16.0,26.4,26.0,42.0,Europe
Netherlands_2015,Netherlands,2015,16.0,0.4,26.0,16.0,Europe
Netherlands_2016,Netherlands,2016,16.0,0.4,26.0,16.0,Europe
Netherlands_2017,Netherlands,2017,16.0,0.4,26.0,16.0,Europe
Netherlands_2018,Netherlands,2018,16.0,0.4,26.0,16.0,Europe
Netherlands_2019,Netherlands,2019,16.0,1.0,26.0,16.0,Europe
Netherlands_2020,Netherlands,2020,16.0,1.0,26.0,16.0,Europe
Netherlands_2021,Netherlands,2021,16.0,6.0,26.0,16.0,Europe
New Zealand_1970,New Zealand,1970,0.0,0.0,0.0,0.0,Oceania
New Zealand_1975,New Zealand,1975,0.0,0.0,0.0,0.0,Oceania
New Zealand_1980,New Zealand,1980,0.0,0.0,0.0,0.0,Oceania
New Zealand_1985,New Zealand,1985,26.0,0.0,0.0,0.0,Oceania
New Zealand_1990,New Zealand,1990,26.0,0.0,26.0,0.0,Oceania
New Zealand_1995,New Zealand,1995,26.0,0.0,26.0,0.0,Oceania
New Zealand_2000,New Zealand,2000,26.0,0.0,26.0,0.0,Oceania
New Zealand_2005,New Zealand,2005,13.0,0.0,39.0,13.0,Oceania
New Zealand_2010,New Zealand,2010,14.0,0.0,38.0,14.0,Oceania
New Zealand_2011,New Zealand,2011,14.0,0.0,38.0,14.0,Oceania
New Zealand_2012,New Zealand,2012,14.0,0.0,38.0,14.0,Oceania
New Zealand_2013,New Zealand,2013,14.0,0.0,38.0,14.0,Oceania
New Zealand_2014,New Zealand,2014,14.0,0.0,38.0,14.0,Oceania
New Zealand_2015,New Zealand,2015,16.0,0.0,36.0,16.0,Oceania
New Zealand_2016,New Zealand,2016,18.0,0.0,34.0,18.0,Oceania
New Zealand_2017,New Zealand,2017,18.0,0.0,34.0,18.0,Oceania
New Zealand_2018,New Zealand,2018,18.0,0.0,34.0,18.0,Oceania
New Zealand_2019,New Zealand,2019,22.0,0.0,30.0,22.0,Oceania
New Zealand_2020,New Zealand,2020,22.0,0.0,30.0,22.0,Oceania
New Zealand_2021,New Zealand,2021,26.0,0.0,26.0,26.0,Oceania
Norway_1970,Norway,1970,12.0,0.0,0.0,12.0,Europe
Norway_1975,Norway,1975,12.0,0.0,0.0,12.0,Europe
Norway_1980,Norway,1980,6.0,0.0,64.0,18.0,Europe
Norway_1985,Norway,1985,6.0,0.0,64.0,18.0,Europe
Norway_1990,Norway,1990,6.0,0.0,74.0,28.0,Europe
Norway_1995,Norway,1995,9.0,4.0,81.0,38.0,Europe
Norway_2000,Norway,2000,9.0,4.0,81.0,142.0,Europe
Norway_2005,Norway,2005,9.0,5.0,81.0,142.0,Europe
Norway_2010,Norway,2010,9.0,10.0,79.0,135.7,Europe
Norway_2011,Norway,2011,9.0,12.0,78.0,134.7,Europe
Norway_2012,Norway,2012,9.0,12.0,78.0,134.7,Europe
Norway_2013,Norway,2013,9.0,12.0,78.0,87.0,Europe
Norway_2014,Norway,2014,17.0,14.0,70.0,87.0,Europe
Norway_2015,Norway,2015,13.0,10.0,78.0,91.0,Europe
Norway_2016,Norway,2016,13.0,10.0,78.0,91.0,Europe
Norway_2017,Norway,2017,13.0,10.0,78.0,91.0,Europe
Norway_2018,Norway,2018,13.0,10.0,78.0,91.0,Europe
Norway_2019,Norway,2019,18.0,15.0,68.0,86.0,Europe
Norway_2020,Norway,2020,18.0,15.0,68.0,86.0,Europe
Norway_2021,Norway,2021,18.0,15.0,68.0,86.0,Europe
Poland_1970,Poland,1970,12.0,0.0,52.0,12.0,Europe
Poland_1975,Poland,1975,16.0,0.0,156.0,16.0,Europe
Poland_1980,Poland,1980,16.0,0.0,156.0,16.0,Europe
Poland_1985,Poland,1985,16.0,0.0,156.0,16.0,Europe
Poland_1990,Poland,1990,16.0,0.0,156.0,16.0,Europe
Poland_1995,Poland,1995,16.0,0.0,156.0,16.0,Europe
Poland_2000,Poland,2000,20.0,0.0,156.0,20.0,Europe
Poland_2005,Poland,2005,16.0,0.0,156.0,16.0,Europe
Poland_2010,Poland,2010,22.0,1.0,156.0,22.0,Europe
Poland_2011,Poland,2011,22.0,1.0,156.0,22.0,Europe
Poland_2012,Poland,2012,24.0,2.0,156.0,24.0,Europe
Poland_2013,Poland,2013,26.0,2.0,182.0,52.0,Europe
Poland_2014,Poland,2014,26.0,2.0,177.7,52.0,Europe
Poland_2015,Poland,2015,26.0,2.0,177.7,52.0,Europe
Poland_2016,Poland,2016,20.0,2.0,183.7,52.0,Europe
Poland_2017,Poland,2017,20.0,2.0,183.7,52.0,Europe
Poland_2018,Poland,2018,20.0,2.0,183.7,52.0,Europe
Poland_2019,Poland,2019,20.0,2.0,183.7,52.0,Europe
Poland_2020,Poland,2020,20.0,2.0,183.7,52.0,Europe
Poland_2021,Poland,2021,20.0,2.0,183.7,52.0,Europe
Portugal_1970,Portugal,1970,9.0,0.0,0.0,9.0,Europe
Portugal_1975,Portugal,1975,9.0,0.0,0.0,9.0,Europe
Portugal_1980,Portugal,1980,12.9,0.0,0.0,12.9,Europe
Portugal_1985,Portugal,1985,12.9,0.0,104.0,12.9,Europe
Portugal_1990,Portugal,1990,12.9,0.0,104.0,12.9,Europe
Portugal_1995,Portugal,1995,14.0,0.0,104.0,14.0,Europe
Portugal_2000,Portugal,2000,17.1,4.0,117.0,17.1,Europe
Portugal_2005,Portugal,2005,17.1,4.0,117.0,17.1,Europe
Portugal_2010,Portugal,2010,6.4,21.3,127.7,30.1,Europe
Portugal_2011,Portugal,2011,6.4,21.3,127.7,30.1,Europe
Portugal_2012,Portugal,2012,6.4,21.3,127.7,30.1,Europe
Portugal_2013,Portugal,2013,6.4,21.3,127.7,30.1,Europe
Portugal_2014,Portugal,2014,6.4,21.3,127.7,30.1,Europe
Portugal_2015,Portugal,2015,6.0,21.3,128.1,30.1,Europe
Portugal_2016,Portugal,2016,6.0,22.3,128.1,30.1,Europe
Portugal_2017,Portugal,2017,6.0,22.3,128.1,30.1,Europe
Portugal_2018,Portugal,2018,6.0,22.3,128.1,30.1,Europe
Portugal_2019,Portugal,2019,6.0,22.3,128.1,30.1,Europe
Portugal_2020,Portugal,2020,6.0,22.3,128.1,30.1,Europe
Portugal_2021,Portugal,2021,6.0,22.3,128.1,30.1,Europe
Slovak Republic_1970,Slovak Republic,1970,26.0,0.0,86.0,26.0,Europe
Slovak Republic_1975,Slovak Republic,1975,26.0,0.0,86.0,26.0,Europe
Slovak Republic_1980,Slovak Republic,1980,26.0,0.0,86.0,26.0,Europe
Slovak Republic_1985,Slovak Republic,1985,26.0,0.0,86.0,78.0,Europe
Slovak Republic_1990,Slovak Republic,1990,28.0,0.0,134.0,162.0,Europe
Slovak Republic_1995,Slovak Republic,1995,28.0,0.0,136.0,164.0,Europe
Slovak Republic_2000,Slovak Republic,2000,28.0,0.0,136.0,164.0,Europe
Slovak Republic_2005,Slovak Republic,2005,28.0,0.0,136.0,164.0,Europe
Slovak Republic_2010,Slovak Republic,2010,28.0,0.0,136.0,164.0,Europe
Slovak Republic_2011,Slovak Republic,2011,34.0,28.0,130.0,170.0,Europe
Slovak Republic_2012,Slovak Republic,2012,34.0,28.0,130.0,170.0,Europe
Slovak Republic_2013,Slovak Republic,2013,34.0,28.0,130.0,170.0,Europe
Slovak Republic_2014,Slovak Republic,2014,34.0,28.0,130.0,170.0,Europe
Slovak Republic_2015,Slovak Republic,2015,34.0,28.0,130.0,170.0,Europe
Slovak Republic_2016,Slovak Republic,2016,34.0,28.0,130.0,164.0,Europe
Slovak Republic_2017,Slovak Republic,2017,34.0,28.0,130.0,164.0,Europe
Slovak Republic_2018,Slovak Republic,2018,34.0,28.0,130.0,164.0,Europe
Slovak Republic_2019,Slovak Republic,2019,34.0,28.0,130.0,164.0,Europe
Slovak Republic_2020,Slovak Republic,2020,34.0,28.0,130.0,164.0,Europe
Slovak Republic_2021,Slovak Republic,2021,34.0,28.0,130.0,164.0,Europe
Slovenia_2014,Slovenia,2014,15.0,2.1,37.1,52.1,Europe
Slovenia_2015,Slovenia,2015,15.0,2.1,37.1,52.1,Europe
Slovenia_2016,Slovenia,2016,15.0,2.9,37.1,52.1,Europe
Slovenia_2017,Slovenia,2017,15.0,3.6,37.1,52.1,Europe
Slovenia_2018,Slovenia,2018,15.0,4.3,37.1,52.1,Europe
Slovenia_2019,Slovenia,2019,15.0,4.3,37.1,52.1,Europe
Slovenia_2020,Slovenia,2020,15.0,4.3,37.1,52.1,Europe
Slovenia_2021,Slovenia,2021,15.0,4.3,37.1,52.1,Europe
Spain_1970,Spain,1970,12.0,0.2,0.0,12.0,Europe
Spain_1975,Spain,1975,12.0,0.2,0.0,12.0,Europe
Spain_1980,Spain,1980,14.0,0.4,0.0,14.0,Europe
Spain_1985,Spain,1985,14.0,0.4,0.0,14.0,Europe
Spain_1990,Spain,1990,16.0,0.4,150.0,16.0,Europe
Spain_1995,Spain,1995,16.0,0.4,150.0,16.0,Europe
Spain_2000,Spain,2000,16.0,0.4,150.0,16.0,Europe
Spain_2005,Spain,2005,16.0,0.4,150.0,16.0,Europe
Spain_2010,Spain,2010,16.0,2.1,150.0,16.0,Europe
Spain_2011,Spain,2011,16.0,2.1,150.0,16.0,Europe
Spain_2012,Spain,2012,16.0,2.1,150.0,16.0,Europe
Spain_2013,Spain,2013,16.0,2.1,150.0,16.0,Europe
Spain_2014,Spain,2014,16.0,2.1,150.0,16.0,Europe
Spain_2015,Spain,2015,16.0,2.1,150.0,16.0,Europe
Spain_2016,Spain,2016,16.0,2.1,150.0,16.0,Europe
Spain_2017,Spain,2017,16.0,4.3,150.0,16.0,Europe
Spain_2018,Spain,2018,16.0,4.3,150.0,16.0,Europe
Spain_2019,Spain,2019,16.0,8.0,150.0,16.0,Europe
Spain_2020,Spain,2020,16.0,12.0,150.0,16.0,Europe
Spain_2021,Spain,2021,16.0,16.0,150.0,16.0,Europe
Sweden_1970,Sweden,1970,26.0,0.0,0.0,26.0,Europe
Sweden_1975,Sweden,1975,0.0,0.0,30.0,30.0,Europe
Sweden_1980,Sweden,1980,0.0,1.4,78.0,55.7,Europe
Sweden_1985,Sweden,1985,0.0,1.4,78.0,55.7,Europe
Sweden_1990,Sweden,1990,0.0,1.4,78.0,64.3,Europe
Sweden_1995,Sweden,1995,4.3,5.8,73.7,60.0,Europe
Sweden_2000,Sweden,2000,4.3,5.8,73.7,60.0,Europe
Sweden_2005,Sweden,2005,8.6,10.0,69.4,60.0,Europe
Sweden_2010,Sweden,2010,8.6,10.0,69.4,60.0,Europe
Sweden_2011,Sweden,2011,8.6,10.0,69.4,60.0,Europe
Sweden_2012,Sweden,2012,8.6,10.0,69.4,60.0,Europe
Sweden_2013,Sweden,2013,8.6,10.0,69.4,60.0,Europe
Sweden_2014,Sweden,2014,8.6,10.0,69.4,60.0,Europe
Sweden_2015,Sweden,2015,8.6,10.0,69.4,60.0,Europe
Sweden_2016,Sweden,2016,12.9,14.3,65.1,55.7,Europe
Sweden_2017,Sweden,2017,12.9,14.3,65.1,55.7,Europe
Sweden_2018,Sweden,2018,12.9,14.3,65.1,55.7,Europe
Sweden_2019,Sweden,2019,12.9,14.3,65.1,55.7,Europe
Sweden_2020,Sweden,2020,12.9,14.3,65.1,55.7,Europe
Sweden_2021,Sweden,2021,12.9,14.3,65.1,55.7,Europe
Switzerland_1970,Switzerland,1970,8.0,0.0,0.0,0.0,Europe
Switzerland_1975,Switzerland,1975,8.0,0.0,0.0,0.0,Europe
Switzerland_1980,Switzerland,1980,8.0,0.0,0.0,0.0,Europe
Switzerland_1985,Switzerland,1985,8.0,0.0,0.0,0.0,Europe
Switzerland_1990,Switzerland,1990,8.0,0.0,0.0,0.0,Europe
Switzerland_1995,Switzerland,1995,8.0,0.0,0.0,0.0,Europe
Switzerland_2000,Switzerland,2000,8.0,0.0,0.0,0.0,Europe
Switzerland_2005,Switzerland,2005,8.0,0.0,0.0,8.0,Europe
Switzerland_2010,Switzerland,2010,14.0,0.0,0.0,14.0,Europe
Switzerland_2011,Switzerland,2011,14.0,0.0,0.0,14.0,Europe
Switzerland_2012,Switzerland,2012,14.0,0.0,0.0,14.0,Europe
Switzerland_2013,Switzerland,2013,16.0,0.0,0.0,14.0,Europe
Switzerland_2014,Switzerland,2014,16.0,0.0,0.0,14.0,Europe
Switzerland_2015,Switzerland,2015,16.0,0.0,0.0,14.0,Europe
Switzerland_2016,Switzerland,2016,16.0,0.0,0.0,14.0,Europe
Switzerland_2017,Switzerland,2017,16.0,0.0,0.0,14.0,Europe
Switzerland_2018,Switzerland,2018,16.0,0.0,0.0,14.0,Europe
Switzerland_2019,Switzerland,2019,16.0,2.0,0.0,14.0,Europe
Switzerland_2020,Switzerland,2020,16.0,2.0,0.0,14.0,Europe
Switzerland_2021,Switzerland,2021,16.0,2.0,0.0,14.0,Europe
Türkiye_1970,Türkiye,1970,12.0,0.0,0.0,12.0,Europe
Türkiye_1975,Türkiye,1975,12.0,0.0,0.0,12.0,Europe
Türkiye_1980,Türkiye,1980,12.0,0.0,0.0,12.0,Europe
Türkiye_1985,Türkiye,1985,12.0,0.0,26.0,12.0,Europe
Türkiye_1990,Türkiye,1990,12.0,0.0,26.0,12.0,Europe
Türkiye_1995,Türkiye,1995,12.0,0.0,26.0,12.0,Europe
Türkiye_2000,Türkiye,2000,12.0,0.0,26.0,12.0,Europe
Türkiye_2005,Türkiye,2005,16.0,0.0,26.0,16.0,Europe
Türkiye_2010,Türkiye,2010,16.0,0.0,26.0,16.0,Europe
Türkiye_2011,Türkiye,2011,16.0,0.0,26.0,16.0,Europe
Türkiye_2012,Türkiye,2012,16.0,0.0,26.0,16.0,Europe
Türkiye_2013,Türkiye,2013,16.0,0.0,26.0,16.0,Europe
Türkiye_2014,Türkiye,2014,16.0,0.0,26.0,16.0,Europe
Türkiye_2015,Türkiye,2015,16.0,0.0,26.0,16.0,Europe
Türkiye_2016,Türkiye,2016,16.0,1.0,26.0,16.0,Europe
Türkiye_2017,Türkiye,2017,16.0,1.0,26.0,16.0,Europe
Türkiye_2018,Türkiye,2018,16.0,1.0,26.0,16.0,Europe
Türkiye_2019,Türkiye,2019,16.0,1.0,26.0,16.0,Europe
Türkiye_2020,Türkiye,2020,16.0,1.0,26.0,16.0,Europe
Türkiye_2021,Türkiye,2021,16.0,1.0,26.0,16.0,Europe
United Kingdom_1970,United Kingdom,1970,18.0,0.0,0.0,18.0,Europe
United Kingdom_1975,United Kingdom,1975,18.0,0.0,0.0,18.0,Europe
United Kingdom_1980,United Kingdom,1980,40.0,0.0,0.0,18.0,Europe
United Kingdom_1985,United Kingdom,1985,40.0,0.0,0.0,18.0,Europe
United Kingdom_1990,United Kingdom,1990,40.0,0.0,0.0,18.0,Europe
United Kingdom_1995,United Kingdom,1995,40.0,0.0,0.0,18.0,Europe
United Kingdom_2000,United Kingdom,2000,40.0,0.0,13.0,18.0,Europe
United Kingdom_2005,United Kingdom,2005,52.0,2.0,13.0,26.0,Europe
United Kingdom_2010,United Kingdom,2010,52.0,2.0,13.0,39.0,Europe
United Kingdom_2011,United Kingdom,2011,52.0,2.0,13.0,39.0,Europe
United Kingdom_2012,United Kingdom,2012,52.0,2.0,13.0,39.0,Europe
United Kingdom_2013,United Kingdom,2013,52.0,2.0,18.0,39.0,Europe
United Kingdom_2014,United Kingdom,2014,52.0,2.0,18.0,39.0,Europe
United Kingdom_2015,United Kingdom,2015,52.0,2.0,18.0,39.0,Europe
United Kingdom_2016,United Kingdom,2016,52.0,2.0,18.0,39.0,Europe
United Kingdom_2017,United Kingdom,2017,52.0,2.0,18.0,39.0,Europe
United Kingdom_2018,United Kingdom,2018,52.0,2.0,18.0,39.0,Europe
United Kingdom_2019,United Kingdom,2019,52.0,2.0,18.0,39.0,Europe
United Kingdom_2020,United Kingdom,2020,52.0,2.0,18.0,39.0,Europe
United Kingdom_2021,United Kingdom,2021,52.0,2.0,18.0,39.0,Europe
United States_1970,United States,1970,0.0,0.0,0.0,0.0,North America
United States_1975,United States,1975,0.0,0.0,0.0,0.0,North America
United States_1980,United States,1980,0.0,0.0,0.0,0.0,North America
United States_1985,United States,1985,0.0,0.0,0.0,0.0,North America
United States_1990,United States,1990,0.0,0.0,0.0,0.0,North America
United States_1995,United States,1995,0.0,0.0,12.0,0.0,North America
United States_2000,United States,2000,0.0,0.0,12.0,0.0,North America
United States_2005,United States,2005,0.0,0.0,12.0,0.0,North America
United States_2010,United States,2010,0.0,0.0,12.0,0.0,North America
United States_2011,United States,2011,0.0,0.0,12.0,0.0,North America
United States_2012,United States,2012,0.0,0.0,12.0,0.0,North America
United States_2013,United States,2013,0.0,0.0,12.0,0.0,North America
United States_2014,United States,2014,0.0,0.0,12.0,0.0,North America
United States_2015,United States,2015,0.0,0.0,12.0,0.0,North America
United States_2016,United States,2016,0.0,0.0,12.0,0.0,North America
United States_2017,United States,2017,0.0,0.0,12.0,0.0,North America
United States_2018,United States,2018,0.0,0.0,12.0,0.0,North America
United States_2019,United States,2019,0.0,0.0,12.0,0.0,North America
United States_2020,United States,2020,0.0,0.0,12.0,0.0,North America
United States_2021,United States,2021,0.0,0.0,12.0,0.0,North America
